"filename", "language", "TypeScript", "JSON with Comments", "TypeScript JSX", "Prisma", "SCSS", "YAML", "SQL", "XML", "Markdown", "JSON", "JavaScript", "comment", "blank", "total"
"c:\Users\antho\Desktop\nextjs-social-app\README.md", "Markdown", 0, 0, 0, 0, 0, 0, 0, 0, 30, 0, 0, 0, 17, 47
"c:\Users\antho\Desktop\nextjs-social-app\docker-compose.yml", "YAML", 0, 0, 0, 0, 0, 14, 0, 0, 0, 0, 0, 0, 1, 15
"c:\Users\antho\Desktop\nextjs-social-app\next.config.js", "JavaScript", 0, 0, 0, 0, 0, 0, 0, 0, 0, 0, 2, 1, 2, 5
"c:\Users\antho\Desktop\nextjs-social-app\package-lock.json", "JSON", 0, 0, 0, 0, 0, 0, 0, 0, 0, 3916, 0, 0, 1, 3917
"c:\Users\antho\Desktop\nextjs-social-app\package.json", "JSON", 0, 0, 0, 0, 0, 0, 0, 0, 0, 47, 0, 0, 1, 48
"c:\Users\antho\Desktop\nextjs-social-app\public\static\next.svg", "XML", 0, 0, 0, 0, 0, 0, 0, 1, 0, 0, 0, 0, 0, 1
"c:\Users\antho\Desktop\nextjs-social-app\public\static\vercel.svg", "XML", 0, 0, 0, 0, 0, 0, 0, 1, 0, 0, 0, 0, 0, 1
"c:\Users\antho\Desktop\nextjs-social-app\src\app\@auth\default.tsx", "TypeScript JSX", 0, 0, 3, 0, 0, 0, 0, 0, 0, 0, 0, 0, 1, 4
"c:\Users\antho\Desktop\nextjs-social-app\src\app\@auth\layout.tsx", "TypeScript JSX", 0, 0, 12, 0, 0, 0, 0, 0, 0, 0, 0, 0, 3, 15
"c:\Users\antho\Desktop\nextjs-social-app\src\app\@auth\login\error.tsx", "TypeScript JSX", 0, 0, 25, 0, 0, 0, 0, 0, 0, 0, 0, 2, 4, 31
"c:\Users\antho\Desktop\nextjs-social-app\src\app\@auth\login\page.module.scss", "SCSS", 0, 0, 0, 0, 25, 0, 0, 0, 0, 0, 0, 0, 6, 31
"c:\Users\antho\Desktop\nextjs-social-app\src\app\@auth\login\page.tsx", "TypeScript JSX", 0, 0, 54, 0, 0, 0, 0, 0, 0, 0, 0, 0, 4, 58
"c:\Users\antho\Desktop\nextjs-social-app\src\app\@auth\logout\page.module.scss", "SCSS", 0, 0, 0, 0, 7, 0, 0, 0, 0, 0, 0, 0, 2, 9
"c:\Users\antho\Desktop\nextjs-social-app\src\app\@auth\logout\page.tsx", "TypeScript JSX", 0, 0, 16, 0, 0, 0, 0, 0, 0, 0, 0, 0, 3, 19
"c:\Users\antho\Desktop\nextjs-social-app\src\app\@auth\signup\page.module.scss", "SCSS", 0, 0, 0, 0, 0, 0, 0, 0, 0, 0, 0, 0, 1, 1
"c:\Users\antho\Desktop\nextjs-social-app\src\app\@auth\signup\page.tsx", "TypeScript JSX", 0, 0, 26, 0, 0, 0, 0, 0, 0, 0, 0, 0, 2, 28
"c:\Users\antho\Desktop\nextjs-social-app\src\app\@settings\default.tsx", "TypeScript JSX", 0, 0, 3, 0, 0, 0, 0, 0, 0, 0, 0, 0, 1, 4
"c:\Users\antho\Desktop\nextjs-social-app\src\app\@settings\layout.tsx", "TypeScript JSX", 0, 0, 12, 0, 0, 0, 0, 0, 0, 0, 0, 0, 3, 15
"c:\Users\antho\Desktop\nextjs-social-app\src\app\@settings\profile\page.module.scss", "SCSS", 0, 0, 0, 0, 97, 0, 0, 0, 0, 0, 0, 0, 17, 114
"c:\Users\antho\Desktop\nextjs-social-app\src\app\@settings\profile\page.tsx", "TypeScript JSX", 0, 0, 77, 0, 0, 0, 0, 0, 0, 0, 0, 0, 6, 83
"c:\Users\antho\Desktop\nextjs-social-app\src\app\[username]\layout.tsx", "TypeScript JSX", 0, 0, 18, 0, 0, 0, 0, 0, 0, 0, 0, 0, 4, 22
"c:\Users\antho\Desktop\nextjs-social-app\src\app\[username]\page.module.scss", "SCSS", 0, 0, 0, 0, 40, 0, 0, 0, 0, 0, 0, 0, 11, 51
"c:\Users\antho\Desktop\nextjs-social-app\src\app\[username]\page.tsx", "TypeScript JSX", 0, 0, 36, 0, 0, 0, 0, 0, 0, 0, 0, 0, 3, 39
"c:\Users\antho\Desktop\nextjs-social-app\src\app\api\auth\[...nextauth]\authorization.ts", "TypeScript", 49, 0, 0, 0, 0, 0, 0, 0, 0, 0, 0, 9, 10, 68
"c:\Users\antho\Desktop\nextjs-social-app\src\app\api\auth\[...nextauth]\options.ts", "TypeScript", 66, 0, 0, 0, 0, 0, 0, 0, 0, 0, 0, 30, 6, 102
"c:\Users\antho\Desktop\nextjs-social-app\src\app\api\auth\[...nextauth]\route.ts", "TypeScript", 4, 0, 0, 0, 0, 0, 0, 0, 0, 0, 0, 0, 3, 7
"c:\Users\antho\Desktop\nextjs-social-app\src\app\api\graphql\builder.ts", "TypeScript", 27, 0, 0, 0, 0, 0, 0, 0, 0, 0, 0, 6, 8, 41
"c:\Users\antho\Desktop\nextjs-social-app\src\app\api\graphql\route.ts", "TypeScript", 8, 0, 0, 0, 0, 0, 0, 0, 0, 0, 0, 3, 5, 16
"c:\Users\antho\Desktop\nextjs-social-app\src\app\api\graphql\schema.ts", "TypeScript", 12, 0, 0, 0, 0, 0, 0, 0, 0, 0, 0, 1, 7, 20
"c:\Users\antho\Desktop\nextjs-social-app\src\app\api\graphql\types.ts", "TypeScript", 3, 0, 0, 0, 0, 0, 0, 0, 0, 0, 0, 0, 3, 6
"c:\Users\antho\Desktop\nextjs-social-app\src\app\api\graphql\types\Category.ts", "TypeScript", 8, 0, 0, 0, 0, 0, 0, 0, 0, 0, 0, 0, 2, 10
"c:\Users\antho\Desktop\nextjs-social-app\src\app\api\graphql\types\Comment.ts", "TypeScript", 6, 0, 0, 0, 0, 0, 0, 0, 0, 0, 0, 0, 2, 8
"c:\Users\antho\Desktop\nextjs-social-app\src\app\api\graphql\types\Friend.ts", "TypeScript", 6, 0, 0, 0, 0, 0, 0, 0, 0, 0, 0, 0, 2, 8
"c:\Users\antho\Desktop\nextjs-social-app\src\app\api\graphql\types\Like.ts", "TypeScript", 7, 0, 0, 0, 0, 0, 0, 0, 0, 0, 0, 0, 2, 9
"c:\Users\antho\Desktop\nextjs-social-app\src\app\api\graphql\types\Media.ts", "TypeScript", 9, 0, 0, 0, 0, 0, 0, 0, 0, 0, 0, 0, 2, 11
"c:\Users\antho\Desktop\nextjs-social-app\src\app\api\graphql\types\Post.ts", "TypeScript", 188, 0, 0, 0, 0, 0, 0, 0, 0, 0, 0, 3, 10, 201
"c:\Users\antho\Desktop\nextjs-social-app\src\app\api\graphql\types\Profile.ts", "TypeScript", 28, 0, 0, 0, 0, 0, 0, 0, 0, 0, 0, 1, 4, 33
"c:\Users\antho\Desktop\nextjs-social-app\src\app\api\graphql\types\User.ts", "TypeScript", 47, 0, 0, 0, 0, 0, 0, 0, 0, 0, 0, 5, 6, 58
"c:\Users\antho\Desktop\nextjs-social-app\src\app\api\graphql\types\enums.ts", "TypeScript", 5, 0, 0, 0, 0, 0, 0, 0, 0, 0, 0, 0, 1, 6
"c:\Users\antho\Desktop\nextjs-social-app\src\app\chats\layout.tsx", "TypeScript JSX", 0, 0, 18, 0, 0, 0, 0, 0, 0, 0, 0, 0, 4, 22
"c:\Users\antho\Desktop\nextjs-social-app\src\app\chats\page.module.scss", "SCSS", 0, 0, 0, 0, 33, 0, 0, 0, 0, 0, 0, 0, 9, 42
"c:\Users\antho\Desktop\nextjs-social-app\src\app\chats\page.tsx", "TypeScript JSX", 0, 0, 25, 0, 0, 0, 0, 0, 0, 0, 0, 0, 3, 28
"c:\Users\antho\Desktop\nextjs-social-app\src\app\discover\layout.tsx", "TypeScript JSX", 0, 0, 18, 0, 0, 0, 0, 0, 0, 0, 0, 0, 3, 21
"c:\Users\antho\Desktop\nextjs-social-app\src\app\discover\page.module.scss", "SCSS", 0, 0, 0, 0, 44, 0, 0, 0, 0, 0, 0, 0, 9, 53
"c:\Users\antho\Desktop\nextjs-social-app\src\app\discover\page.tsx", "TypeScript JSX", 0, 0, 28, 0, 0, 0, 0, 0, 0, 0, 0, 0, 3, 31
"c:\Users\antho\Desktop\nextjs-social-app\src\app\home\layout.tsx", "TypeScript JSX", 0, 0, 16, 0, 0, 0, 0, 0, 0, 0, 0, 0, 3, 19
"c:\Users\antho\Desktop\nextjs-social-app\src\app\home\page.module.scss", "SCSS", 0, 0, 0, 0, 41, 0, 0, 0, 0, 0, 0, 0, 11, 52
"c:\Users\antho\Desktop\nextjs-social-app\src\app\home\page.tsx", "TypeScript JSX", 0, 0, 37, 0, 0, 0, 0, 0, 0, 0, 0, 0, 3, 40
"c:\Users\antho\Desktop\nextjs-social-app\src\app\layout.tsx", "TypeScript JSX", 0, 0, 55, 0, 0, 0, 0, 0, 0, 0, 0, 0, 8, 63
"c:\Users\antho\Desktop\nextjs-social-app\src\app\me\layout.tsx", "TypeScript JSX", 0, 0, 18, 0, 0, 0, 0, 0, 0, 0, 0, 0, 4, 22
"c:\Users\antho\Desktop\nextjs-social-app\src\app\me\page.module.scss", "SCSS", 0, 0, 0, 0, 40, 0, 0, 0, 0, 0, 0, 0, 11, 51
"c:\Users\antho\Desktop\nextjs-social-app\src\app\me\page.tsx", "TypeScript JSX", 0, 0, 68, 0, 0, 0, 0, 0, 0, 0, 0, 0, 7, 75
"c:\Users\antho\Desktop\nextjs-social-app\src\app\moments\layout.tsx", "TypeScript JSX", 0, 0, 18, 0, 0, 0, 0, 0, 0, 0, 0, 0, 3, 21
"c:\Users\antho\Desktop\nextjs-social-app\src\app\moments\page.module.scss", "SCSS", 0, 0, 0, 0, 41, 0, 0, 0, 0, 0, 0, 0, 11, 52
"c:\Users\antho\Desktop\nextjs-social-app\src\app\moments\page.tsx", "TypeScript JSX", 0, 0, 38, 0, 0, 0, 0, 0, 0, 0, 0, 0, 3, 41
"c:\Users\antho\Desktop\nextjs-social-app\src\app\notifications\layout.tsx", "TypeScript JSX", 0, 0, 18, 0, 0, 0, 0, 0, 0, 0, 0, 0, 3, 21
"c:\Users\antho\Desktop\nextjs-social-app\src\app\notifications\page.module.scss", "SCSS", 0, 0, 0, 0, 43, 0, 0, 0, 0, 0, 0, 0, 11, 54
"c:\Users\antho\Desktop\nextjs-social-app\src\app\notifications\page.tsx", "TypeScript JSX", 0, 0, 28, 0, 0, 0, 0, 0, 0, 0, 0, 0, 3, 31
"c:\Users\antho\Desktop\nextjs-social-app\src\app\page.module.scss", "SCSS", 0, 0, 0, 0, 0, 0, 0, 0, 0, 0, 0, 0, 1, 1
"c:\Users\antho\Desktop\nextjs-social-app\src\app\page.tsx", "TypeScript JSX", 0, 0, 13, 0, 0, 0, 0, 0, 0, 0, 0, 0, 3, 16
"c:\Users\antho\Desktop\nextjs-social-app\src\components\Avatar.tsx", "TypeScript JSX", 0, 0, 19, 0, 0, 0, 0, 0, 0, 0, 0, 0, 3, 22
"c:\Users\antho\Desktop\nextjs-social-app\src\components\Button.tsx", "TypeScript JSX", 0, 0, 28, 0, 0, 0, 0, 0, 0, 0, 0, 0, 4, 32
"c:\Users\antho\Desktop\nextjs-social-app\src\components\Card.tsx", "TypeScript JSX", 0, 0, 19, 0, 0, 0, 0, 0, 0, 0, 0, 0, 4, 23
"c:\Users\antho\Desktop\nextjs-social-app\src\components\ChatTab.tsx", "TypeScript JSX", 0, 0, 29, 0, 0, 0, 0, 0, 0, 0, 0, 0, 3, 32
"c:\Users\antho\Desktop\nextjs-social-app\src\components\Chip.tsx", "TypeScript JSX", 0, 0, 35, 0, 0, 0, 0, 0, 0, 0, 0, 0, 4, 39
"c:\Users\antho\Desktop\nextjs-social-app\src\components\Comment.tsx", "TypeScript JSX", 0, 0, 35, 0, 0, 0, 0, 0, 0, 0, 0, 0, 4, 39
"c:\Users\antho\Desktop\nextjs-social-app\src\components\Divider.tsx", "TypeScript JSX", 0, 0, 13, 0, 0, 0, 0, 0, 0, 0, 0, 0, 3, 16
"c:\Users\antho\Desktop\nextjs-social-app\src\components\Dropdown.tsx", "TypeScript JSX", 0, 0, 62, 0, 0, 0, 0, 0, 0, 0, 0, 10, 15, 87
"c:\Users\antho\Desktop\nextjs-social-app\src\components\Icon.tsx", "TypeScript JSX", 0, 0, 24, 0, 0, 0, 0, 0, 0, 0, 0, 0, 4, 28
"c:\Users\antho\Desktop\nextjs-social-app\src\components\Image.tsx", "TypeScript JSX", 0, 0, 20, 0, 0, 0, 0, 0, 0, 0, 0, 0, 4, 24
"c:\Users\antho\Desktop\nextjs-social-app\src\components\ListItem.tsx", "TypeScript JSX", 0, 0, 36, 0, 0, 0, 0, 0, 0, 0, 0, 0, 6, 42
"c:\Users\antho\Desktop\nextjs-social-app\src\components\Loading.tsx", "TypeScript JSX", 0, 0, 11, 0, 0, 0, 0, 0, 0, 0, 0, 0, 2, 13
"c:\Users\antho\Desktop\nextjs-social-app\src\components\Modal.tsx", "TypeScript JSX", 0, 0, 64, 0, 0, 0, 0, 0, 0, 0, 0, 0, 9, 73
"c:\Users\antho\Desktop\nextjs-social-app\src\components\PostAction.tsx", "TypeScript JSX", 0, 0, 38, 0, 0, 0, 0, 0, 0, 0, 0, 0, 6, 44
"c:\Users\antho\Desktop\nextjs-social-app\src\components\PostActionButton.tsx", "TypeScript JSX", 0, 0, 15, 0, 0, 0, 0, 0, 0, 0, 0, 0, 4, 19
"c:\Users\antho\Desktop\nextjs-social-app\src\components\Searchbar.tsx", "TypeScript JSX", 0, 0, 32, 0, 0, 0, 0, 0, 0, 0, 0, 0, 4, 36
"c:\Users\antho\Desktop\nextjs-social-app\src\components\Tab.tsx", "TypeScript JSX", 0, 0, 24, 0, 0, 0, 0, 0, 0, 0, 0, 0, 4, 28
"c:\Users\antho\Desktop\nextjs-social-app\src\components\TextField.tsx", "TypeScript JSX", 0, 0, 26, 0, 0, 0, 0, 0, 0, 0, 0, 0, 4, 30
"c:\Users\antho\Desktop\nextjs-social-app\src\components\Video.tsx", "TypeScript JSX", 0, 0, 27, 0, 0, 0, 0, 0, 0, 0, 0, 0, 6, 33
"c:\Users\antho\Desktop\nextjs-social-app\src\components\VideoControls.tsx", "TypeScript JSX", 0, 0, 145, 0, 0, 0, 0, 0, 0, 0, 0, 0, 9, 154
"c:\Users\antho\Desktop\nextjs-social-app\src\hooks\useOneTapSignin.ts", "TypeScript", 57, 0, 0, 0, 0, 0, 0, 0, 0, 0, 0, 5, 9, 71
"c:\Users\antho\Desktop\nextjs-social-app\src\layout\ChatBubble.tsx", "TypeScript JSX", 0, 0, 29, 0, 0, 0, 0, 0, 0, 0, 0, 0, 5, 34
"c:\Users\antho\Desktop\nextjs-social-app\src\layout\ChatDetail.tsx", "TypeScript JSX", 0, 0, 127, 0, 0, 0, 0, 0, 0, 0, 0, 0, 6, 133
"c:\Users\antho\Desktop\nextjs-social-app\src\layout\ChatList.tsx", "TypeScript JSX", 0, 0, 56, 0, 0, 0, 0, 0, 0, 0, 0, 0, 5, 61
"c:\Users\antho\Desktop\nextjs-social-app\src\layout\Draft.tsx", "TypeScript JSX", 0, 0, 56, 0, 0, 0, 0, 0, 0, 0, 0, 0, 5, 61
"c:\Users\antho\Desktop\nextjs-social-app\src\layout\Footer.tsx", "TypeScript JSX", 0, 0, 34, 0, 0, 0, 0, 0, 0, 0, 0, 1, 5, 40
"c:\Users\antho\Desktop\nextjs-social-app\src\layout\Header.tsx", "TypeScript JSX", 0, 0, 101, 0, 0, 0, 0, 0, 0, 0, 0, 0, 6, 107
"c:\Users\antho\Desktop\nextjs-social-app\src\layout\Landing.tsx", "TypeScript JSX", 0, 0, 9, 0, 0, 0, 0, 0, 0, 0, 0, 0, 4, 13
"c:\Users\antho\Desktop\nextjs-social-app\src\layout\LeftNav.tsx", "TypeScript JSX", 0, 0, 79, 0, 0, 0, 0, 0, 0, 0, 0, 0, 6, 85
"c:\Users\antho\Desktop\nextjs-social-app\src\layout\Post.tsx", "TypeScript JSX", 0, 0, 58, 0, 0, 0, 0, 0, 0, 0, 0, 0, 6, 64
"c:\Users\antho\Desktop\nextjs-social-app\src\layout\PostLoading.tsx", "TypeScript JSX", 0, 0, 16, 0, 0, 0, 0, 0, 0, 0, 0, 0, 3, 19
"c:\Users\antho\Desktop\nextjs-social-app\src\layout\Profile.tsx", "TypeScript JSX", 0, 0, 77, 0, 0, 0, 0, 0, 0, 0, 0, 0, 5, 82
"c:\Users\antho\Desktop\nextjs-social-app\src\layout\ShortVideo.tsx", "TypeScript JSX", 0, 0, 222, 0, 0, 0, 0, 0, 0, 0, 0, 1, 27, 250
"c:\Users\antho\Desktop\nextjs-social-app\src\layout\Sidebar.tsx", "TypeScript JSX", 0, 0, 27, 0, 0, 0, 0, 0, 0, 0, 0, 0, 3, 30
"c:\Users\antho\Desktop\nextjs-social-app\src\layout\Timeline.tsx", "TypeScript JSX", 0, 0, 14, 0, 0, 0, 0, 0, 0, 0, 0, 0, 2, 16
"c:\Users\antho\Desktop\nextjs-social-app\src\layout\VideoSidebar.tsx", "TypeScript JSX", 0, 0, 27, 0, 0, 0, 0, 0, 0, 0, 0, 0, 5, 32
"c:\Users\antho\Desktop\nextjs-social-app\src\layout\VideoSlide.tsx", "TypeScript JSX", 0, 0, 25, 0, 0, 0, 0, 0, 0, 0, 0, 0, 4, 29
"c:\Users\antho\Desktop\nextjs-social-app\src\lib\ApolloWrapper.tsx", "TypeScript JSX", 0, 0, 33, 0, 0, 0, 0, 0, 0, 0, 0, 14, 5, 52
"c:\Users\antho\Desktop\nextjs-social-app\src\lib\OneTapComponent.tsx", "TypeScript JSX", 0, 0, 11, 0, 0, 0, 0, 0, 0, 0, 0, 0, 6, 17
"c:\Users\antho\Desktop\nextjs-social-app\src\lib\SessionProvider.tsx", "TypeScript JSX", 0, 0, 3, 0, 0, 0, 0, 0, 0, 0, 0, 0, 3, 6
"c:\Users\antho\Desktop\nextjs-social-app\src\mockdata.ts", "TypeScript", 67, 0, 0, 0, 0, 0, 0, 0, 0, 0, 0, 0, 5, 72
"c:\Users\antho\Desktop\nextjs-social-app\src\prisma\database.ts", "TypeScript", 11, 0, 0, 0, 0, 0, 0, 0, 0, 0, 0, 1, 8, 20
"c:\Users\antho\Desktop\nextjs-social-app\src\prisma\migrations\20230918010756_init\migration.sql", "SQL", 0, 0, 0, 0, 0, 0, 87, 0, 0, 0, 0, 30, 37, 154
"c:\Users\antho\Desktop\nextjs-social-app\src\prisma\migrations\20231104030831_adding_user_account_post_and_session\migration.sql", "SQL", 0, 0, 0, 0, 0, 0, 58, 0, 0, 0, 0, 33, 29, 120
"c:\Users\antho\Desktop\nextjs-social-app\src\prisma\migrations\20231106194742_change_structure\migration.sql", "SQL", 0, 0, 0, 0, 0, 0, 68, 0, 0, 0, 0, 39, 33, 140
"c:\Users\antho\Desktop\nextjs-social-app\src\prisma\migrations\20231106205826_\migration.sql", "SQL", 0, 0, 0, 0, 0, 0, 28, 0, 0, 0, 0, 25, 17, 70
"c:\Users\antho\Desktop\nextjs-social-app\src\prisma\pothos-types.ts", "TypeScript", 332, 0, 0, 0, 0, 0, 0, 0, 0, 0, 0, 1, 0, 333
"c:\Users\antho\Desktop\nextjs-social-app\src\prisma\schema.prisma", "Prisma", 0, 0, 0, 154, 0, 0, 0, 0, 0, 0, 0, 2, 26, 182
"c:\Users\antho\Desktop\nextjs-social-app\src\prisma\seed.ts", "TypeScript", 0, 0, 0, 0, 0, 0, 0, 0, 0, 0, 0, 21, 5, 26
"c:\Users\antho\Desktop\nextjs-social-app\src\styles\sass\abstracts\_breakpoints.scss", "SCSS", 0, 0, 0, 0, 8, 0, 0, 0, 0, 0, 0, 0, 1, 9
"c:\Users\antho\Desktop\nextjs-social-app\src\styles\sass\abstracts\_color.scss", "SCSS", 0, 0, 0, 0, 34, 0, 0, 0, 0, 0, 0, 0, 3, 37
"c:\Users\antho\Desktop\nextjs-social-app\src\styles\sass\abstracts\_fonts.scss", "SCSS", 0, 0, 0, 0, 3, 0, 0, 0, 0, 0, 0, 0, 3, 6
"c:\Users\antho\Desktop\nextjs-social-app\src\styles\sass\abstracts\_mixins.scss", "SCSS", 0, 0, 0, 0, 31, 0, 0, 0, 0, 0, 0, 0, 2, 33
"c:\Users\antho\Desktop\nextjs-social-app\src\styles\sass\abstracts\_varibles.scss", "SCSS", 0, 0, 0, 0, 8, 0, 0, 0, 0, 0, 0, 7, 6, 21
"c:\Users\antho\Desktop\nextjs-social-app\src\styles\sass\base\_reset.scss", "SCSS", 0, 0, 0, 0, 51, 0, 0, 0, 0, 0, 0, 1, 9, 61
"c:\Users\antho\Desktop\nextjs-social-app\src\styles\sass\base\_typography.scss", "SCSS", 0, 0, 0, 0, 27, 0, 0, 0, 0, 0, 0, 0, 9, 36
"c:\Users\antho\Desktop\nextjs-social-app\src\styles\sass\components\Button.module.scss", "SCSS", 0, 0, 0, 0, 9, 0, 0, 0, 0, 0, 0, 0, 3, 12
"c:\Users\antho\Desktop\nextjs-social-app\src\styles\sass\components\Card.module.scss", "SCSS", 0, 0, 0, 0, 13, 0, 0, 0, 0, 0, 0, 0, 2, 15
"c:\Users\antho\Desktop\nextjs-social-app\src\styles\sass\components\ChatTab.module.scss", "SCSS", 0, 0, 0, 0, 18, 0, 0, 0, 0, 0, 0, 0, 3, 21
"c:\Users\antho\Desktop\nextjs-social-app\src\styles\sass\components\Chip.module.scss", "SCSS", 0, 0, 0, 0, 38, 0, 0, 0, 0, 0, 0, 0, 9, 47
"c:\Users\antho\Desktop\nextjs-social-app\src\styles\sass\components\Comment.module.scss", "SCSS", 0, 0, 0, 0, 31, 0, 0, 0, 0, 0, 0, 0, 9, 40
"c:\Users\antho\Desktop\nextjs-social-app\src\styles\sass\components\Divider.module.scss", "SCSS", 0, 0, 0, 0, 13, 0, 0, 0, 0, 0, 0, 0, 2, 15
"c:\Users\antho\Desktop\nextjs-social-app\src\styles\sass\components\Image.module.scss", "SCSS", 0, 0, 0, 0, 9, 0, 0, 0, 0, 0, 0, 1, 2, 12
"c:\Users\antho\Desktop\nextjs-social-app\src\styles\sass\components\ListItem.module.scss", "SCSS", 0, 0, 0, 0, 38, 0, 0, 0, 0, 0, 0, 0, 9, 47
"c:\Users\antho\Desktop\nextjs-social-app\src\styles\sass\components\Loading.module.scss", "SCSS", 0, 0, 0, 0, 35, 0, 0, 0, 0, 0, 0, 0, 5, 40
"c:\Users\antho\Desktop\nextjs-social-app\src\styles\sass\components\Modal.module.scss", "SCSS", 0, 0, 0, 0, 49, 0, 0, 0, 0, 0, 0, 0, 9, 58
"c:\Users\antho\Desktop\nextjs-social-app\src\styles\sass\components\PostAction.module.scss", "SCSS", 0, 0, 0, 0, 5, 0, 0, 0, 0, 0, 0, 0, 1, 6
"c:\Users\antho\Desktop\nextjs-social-app\src\styles\sass\components\PostActionButton.module.scss", "SCSS", 0, 0, 0, 0, 18, 0, 0, 0, 0, 0, 0, 0, 4, 22
"c:\Users\antho\Desktop\nextjs-social-app\src\styles\sass\components\Searchbar.module.scss", "SCSS", 0, 0, 0, 0, 22, 0, 0, 0, 0, 0, 0, 0, 4, 26
"c:\Users\antho\Desktop\nextjs-social-app\src\styles\sass\components\Tab.module.scss", "SCSS", 0, 0, 0, 0, 3, 0, 0, 0, 0, 0, 0, 0, 1, 4
"c:\Users\antho\Desktop\nextjs-social-app\src\styles\sass\components\TextField.module.scss", "SCSS", 0, 0, 0, 0, 7, 0, 0, 0, 0, 0, 0, 0, 1, 8
"c:\Users\antho\Desktop\nextjs-social-app\src\styles\sass\components\Video.module.scss", "SCSS", 0, 0, 0, 0, 9, 0, 0, 0, 0, 0, 0, 0, 3, 12
"c:\Users\antho\Desktop\nextjs-social-app\src\styles\sass\components\VideoControls.module.scss", "SCSS", 0, 0, 0, 0, 46, 0, 0, 0, 0, 0, 0, 0, 10, 56
"c:\Users\antho\Desktop\nextjs-social-app\src\styles\sass\globals.scss", "SCSS", 0, 0, 0, 0, 56, 0, 0, 0, 0, 0, 0, 0, 9, 65
"c:\Users\antho\Desktop\nextjs-social-app\src\styles\sass\layout\ChatBubble.module.scss", "SCSS", 0, 0, 0, 0, 25, 0, 0, 0, 0, 0, 0, 0, 4, 29
"c:\Users\antho\Desktop\nextjs-social-app\src\styles\sass\layout\ChatDetail.module.scss", "SCSS", 0, 0, 0, 0, 45, 0, 0, 0, 0, 0, 0, 0, 9, 54
"c:\Users\antho\Desktop\nextjs-social-app\src\styles\sass\layout\ChatList.module.scss", "SCSS", 0, 0, 0, 0, 19, 0, 0, 0, 0, 0, 0, 3, 6, 28
"c:\Users\antho\Desktop\nextjs-social-app\src\styles\sass\layout\Draft.module.scss", "SCSS", 0, 0, 0, 0, 62, 0, 0, 0, 0, 0, 0, 0, 13, 75
"c:\Users\antho\Desktop\nextjs-social-app\src\styles\sass\layout\Dropdown.module.scss", "SCSS", 0, 0, 0, 0, 14, 0, 0, 0, 0, 0, 0, 0, 2, 16
"c:\Users\antho\Desktop\nextjs-social-app\src\styles\sass\layout\Footer.module.scss", "SCSS", 0, 0, 0, 0, 18, 0, 0, 0, 0, 0, 0, 0, 4, 22
"c:\Users\antho\Desktop\nextjs-social-app\src\styles\sass\layout\Header.module.scss", "SCSS", 0, 0, 0, 0, 52, 0, 0, 0, 0, 0, 0, 0, 10, 62
"c:\Users\antho\Desktop\nextjs-social-app\src\styles\sass\layout\Landing.module.scss", "SCSS", 0, 0, 0, 0, 3, 0, 0, 0, 0, 0, 0, 0, 1, 4
"c:\Users\antho\Desktop\nextjs-social-app\src\styles\sass\layout\LeftNav.module.scss", "SCSS", 0, 0, 0, 0, 3, 0, 0, 0, 0, 0, 0, 0, 1, 4
"c:\Users\antho\Desktop\nextjs-social-app\src\styles\sass\layout\OneTap.module.scss", "SCSS", 0, 0, 0, 0, 6, 0, 0, 0, 0, 0, 0, 0, 1, 7
"c:\Users\antho\Desktop\nextjs-social-app\src\styles\sass\layout\Post.module.scss", "SCSS", 0, 0, 0, 0, 86, 0, 0, 0, 0, 0, 0, 0, 15, 101
"c:\Users\antho\Desktop\nextjs-social-app\src\styles\sass\layout\Profile.module.scss", "SCSS", 0, 0, 0, 0, 121, 0, 0, 0, 0, 0, 0, 0, 23, 144
"c:\Users\antho\Desktop\nextjs-social-app\src\styles\sass\layout\ShortVideo.module.scss", "SCSS", 0, 0, 0, 0, 80, 0, 0, 0, 0, 0, 0, 0, 17, 97
"c:\Users\antho\Desktop\nextjs-social-app\src\styles\sass\layout\Sidebar.module.scss", "SCSS", 0, 0, 0, 0, 10, 0, 0, 0, 0, 0, 0, 0, 2, 12
"c:\Users\antho\Desktop\nextjs-social-app\src\styles\sass\layout\Timeline.module.scss", "SCSS", 0, 0, 0, 0, 16, 0, 0, 0, 0, 0, 0, 0, 3, 19
"c:\Users\antho\Desktop\nextjs-social-app\src\styles\sass\layout\VideoSidebar.module.scss", "SCSS", 0, 0, 0, 0, 24, 0, 0, 0, 0, 0, 0, 0, 6, 30
"c:\Users\antho\Desktop\nextjs-social-app\src\styles\sass\layout\VideoSlide.module.scss", "SCSS", 0, 0, 0, 0, 25, 0, 0, 0, 0, 0, 0, 0, 3, 28
"c:\Users\antho\Desktop\nextjs-social-app\src\styles\sass\themes\_theme.scss", "SCSS", 0, 0, 0, 0, 0, 0, 0, 0, 0, 0, 0, 0, 1, 1
"c:\Users\antho\Desktop\nextjs-social-app\src\utils\getAllPosts.ts", "TypeScript", 5, 0, 0, 0, 0, 0, 0, 0, 0, 0, 0, 0, 3, 8
"c:\Users\antho\Desktop\nextjs-social-app\src\utils\getCurrentUser.ts", "TypeScript", 5, 0, 0, 0, 0, 0, 0, 0, 0, 0, 0, 0, 8, 13
"c:\Users\antho\Desktop\nextjs-social-app\src\utils\getPostsByUser.ts", "TypeScript", 5, 0, 0, 0, 0, 0, 0, 0, 0, 0, 0, 0, 3, 8
"c:\Users\antho\Desktop\nextjs-social-app\tsconfig.json", "JSON with Comments", 0, 25, 0, 0, 0, 0, 0, 0, 0, 0, 0, 2, 1, 28
"Total", "-", 955, 25, 2386, 154, 1601, 14, 241, 2, 30, 3963, 2, 258, 919, 10550